{"cameraMode":{"drawMode":0,"name":"Shaded","section":"Shading Mode"},"sceneLighting":true,"audioPlay":false,"sceneViewState":{"m_AlwaysRefresh":false,"showFog":true,"showSkybox":true,"showFlares":true,"showImageEffects":true,"showParticleSystems":true,"showVisualEffectGraphs":true,"m_FxEnabled":true},"in2DMode":false,"pivot":{"x":2.708629608154297,"y":2.522810459136963,"z":-2.780076503753662},"rotation":{"x":0.018982738256454469,"y":-0.2865619361400604,"z":0.0056610750034451489,"w":0.9578819870948792},"size":4.594086647033691,"orthographic":false}